{"minified":"composer/2.0","packages":{"symfony/polyfill-php85":[{"name":"symfony/polyfill-php85","description":"Symfony polyfill backporting some PHP 8.5+ features to lower PHP versions","keywords":["compatibility","portable","polyfill","shim"],"homepage":"https://symfony.com","version":"v1.33.0","version_normalized":"1.33.0.0","license":["MIT"],"authors":[{"name":"Nicolas Grekas","email":"p@tchwork.com"},{"name":"Symfony Community","homepage":"https://symfony.com/contributors"}],"source":{"url":"https://github.com/symfony/polyfill-php85.git","type":"git","reference":"d4e5fcd4ab3d998ab16c0db48e6cbb9a01993f91"},"dist":{"url":"https://api.github.com/repos/symfony/polyfill-php85/zipball/d4e5fcd4ab3d998ab16c0db48e6cbb9a01993f91","type":"zip","shasum":"","reference":"d4e5fcd4ab3d998ab16c0db48e6cbb9a01993f91"},"type":"library","support":{"source":"https://github.com/symfony/polyfill-php85/tree/v1.33.0"},"funding":[{"url":"https://symfony.com/sponsor","type":"custom"},{"url":"https://github.com/fabpot","type":"github"},{"url":"https://github.com/nicolas-grekas","type":"github"},{"url":"https://tidelift.com/funding/github/packagist/symfony/symfony","type":"tidelift"}],"time":"2025-06-23T16:12:55+00:00","autoload":{"files":["bootstrap.php"],"psr-4":{"Symfony\\Polyfill\\Php85\\":""},"classmap":["Resources/stubs"]},"extra":{"thanks":{"url":"https://github.com/symfony/polyfill","name":"symfony/polyfill"}},"require":{"php":">=7.2"}},{"version":"v1.32.0","version_normalized":"1.32.0.0","source":{"url":"https://github.com/symfony/polyfill-php85.git","type":"git","reference":"6fedf31ce4e3648f4ff5ca58bfd53127d38f05fd"},"dist":{"url":"https://api.github.com/repos/symfony/polyfill-php85/zipball/6fedf31ce4e3648f4ff5ca58bfd53127d38f05fd","type":"zip","shasum":"","reference":"6fedf31ce4e3648f4ff5ca58bfd53127d38f05fd"},"support":{"source":"https://github.com/symfony/polyfill-php85/tree/v1.32.0"},"funding":[{"url":"https://symfony.com/sponsor","type":"custom"},{"url":"https://github.com/fabpot","type":"github"},{"url":"https://tidelift.com/funding/github/packagist/symfony/symfony","type":"tidelift"}],"time":"2025-05-02T08:40:52+00:00"}]},"security-advisories":[],"last-modified":"Tue, 19 Aug 2025 20:34:38 GMT"}